Baud, Errors
7900, 18990, 40
7901, 18990, 42
7902, 18990, 42
7903, 18990, 40
7904, 18990, 44
7905, 18990, 40
7906, 18990, 34
7907, 18990, 18
7908, 18990, 9
7909, 18990, 14
7910, 18990, 25
7911, 18990, 39
7912, 18990, 41
7913, 18990, 45
7914, 18990, 42
7915, 18990, 37
7916, 18990, 43
7917, 18990, 39
7918, 18990, 34
7919, 18990, 23
7920, 18990, 10
7921, 18990, 9
7922, 18990, 17
7923, 18990, 29
7924, 18990, 41
7925, 18990, 39
7926, 18990, 42
7927, 18990, 39
7928, 18990, 44
7929, 18990, 41
7930, 18990, 40
7931, 18990, 33
7932, 18990, 22
7933, 18990, 14
7934, 18990, 16
7935, 18990, 27
7936, 18990, 35
7937, 18990, 38
7938, 18990, 40
7939, 18990, 44
7940, 18990, 43
7941, 18990, 41
7942, 18990, 43
7943, 18990, 32
7944, 18990, 25
7945, 18990, 14
7946, 18990, 11
7947, 18990, 14
7948, 18990, 37
7949, 18990, 37
7950, 18990, 43
7951, 18990, 42
7952, 18990, 46
7953, 18990, 42
7954, 18990, 40
7955, 18990, 35
7956, 18990, 32
7957, 18990, 17
7958, 18990, 16
7959, 18990, 12
7960, 18990, 20
7961, 18990, 37
7962, 18990, 43
7963, 18990, 44
7964, 18990, 44
7965, 18990, 42
7966, 18990, 40
7967, 18990, 36
7968, 18990, 36
7969, 18990, 27
7970, 18990, 15
7971, 18990, 9
7972, 18990, 17
7973, 18990, 30
7974, 18990, 43
7975, 18990, 40
7976, 18990, 45
7977, 18990, 42
7978, 18990, 43
7979, 18990, 39
7980, 18990, 42
7981, 18990, 39
7982, 18990, 22
7983, 18990, 9
7984, 18990, 19
7985, 18990, 25
7986, 18990, 42
7987, 18990, 41
7988, 18990, 45
7989, 18990, 43
7990, 18990, 44
7991, 18990, 42
7992, 18990, 47
7993, 18990, 37
7994, 18990, 30
7995, 18990, 13
7996, 18990, 9
7997, 18990, 16
7998, 18990, 32
7999, 18990, 40
8000, 18990, 43
8001, 18990, 44
8002, 18990, 43
8003, 18990, 43
8004, 18990, 47
8005, 18990, 41
8006, 18990, 35
8007, 18990, 16
8008, 18990, 6
8009, 18990, 12
8010, 18990, 28
8011, 18990, 36
8012, 18990, 45
8013, 18990, 44
8014, 18990, 44
8015, 18990, 38
8016, 18990, 38
8017, 18990, 40
8018, 18990, 42
8019, 18990, 25
8020, 18990, 13
8021, 18990, 13
8022, 18990, 23
8023, 18990, 34
8024, 18990, 41
8025, 18990, 39
8026, 18990, 43
8027, 18990, 41
8028, 18990, 40
8029, 18990, 42
8030, 18990, 41
8031, 18990, 31
8032, 18990, 22
8033, 18990, 15
8034, 18990, 10
8035, 18990, 29
8036, 18990, 36
8037, 18990, 35
8038, 18990, 41
8039, 18990, 41
8040, 18990, 43
8041, 18990, 39
8042, 18990, 40
8043, 18990, 34
8044, 18990, 27
8045, 18990, 15
8046, 18990, 10
8047, 18990, 19
8048, 18990, 33
8049, 18990, 34
8050, 18990, 37
8051, 18990, 43
8052, 18990, 40
8053, 18990, 41
8054, 18990, 42
8055, 18990, 37
8056, 18990, 32
8057, 18990, 14
8058, 18990, 8
8059, 18990, 10
8060, 18990, 25
8061, 18990, 38
8062, 18990, 36
8063, 18990, 40
8064, 18990, 44
8065, 18990, 41
8066, 18990, 39
8067, 18990, 36
8068, 18990, 36
8069, 18990, 28
8070, 18990, 14
8071, 18990, 7
8072, 18990, 18
8073, 18990, 28
8074, 18990, 39
8075, 18990, 42
8076, 18990, 39
8077, 18990, 42
8078, 18990, 39
8079, 18990, 42
8080, 18990, 42
8081, 18990, 38
8082, 18990, 22
8083, 18990, 7
8084, 18990, 11
8085, 18990, 29
8086, 18990, 41
8087, 18990, 35
8088, 18990, 41
8089, 18990, 38
8090, 18990, 41
8091, 18990, 40
8092, 18990, 42
8093, 18990, 35
8094, 18990, 26
8095, 18990, 11
8096, 18990, 5
8097, 18990, 17
8098, 18990, 33
8099, 18990, 39
8100, 18990, 41
7900, 18991, 42
7901, 18991, 42
7902, 18991, 42
7903, 18991, 35
7904, 18991, 45
7905, 18991, 38
7906, 18991, 35
7907, 18991, 18
7908, 18991, 6
7909, 18991, 13
7910, 18991, 27
7911, 18991, 37
7912, 18991, 43
7913, 18991, 42
7914, 18991, 42
7915, 18991, 40
7916, 18991, 40
7917, 18991, 41
7918, 18991, 35
7919, 18991, 28
7920, 18991, 12
7921, 18991, 12
7922, 18991, 20
7923, 18991, 34
7924, 18991, 40
7925, 18991, 40
7926, 18991, 39
7927, 18991, 39
7928, 18991, 43
7929, 18991, 43
7930, 18991, 41
7931, 18991, 34
7932, 18991, 22
7933, 18991, 12
7934, 18991, 11
7935, 18991, 25
7936, 18991, 36
7937, 18991, 37
7938, 18991, 43
7939, 18991, 42
7940, 18991, 44
7941, 18991, 42
7942, 18991, 41
7943, 18991, 34
7944, 18991, 24
7945, 18991, 18
7946, 18991, 5
7947, 18991, 18
7948, 18991, 31
7949, 18991, 41
7950, 18991, 42
7951, 18991, 43
7952, 18991, 46
7953, 18991, 43
7954, 18991, 43
7955, 18991, 36
7956, 18991, 32
7957, 18991, 24
7958, 18991, 13
7959, 18991, 9
7960, 18991, 20
7961, 18991, 37
7962, 18991, 46
7963, 18991, 44
7964, 18991, 44
7965, 18991, 43
7966, 18991, 39
7967, 18991, 36
7968, 18991, 40
7969, 18991, 29
7970, 18991, 23
7971, 18991, 10
7972, 18991, 18
7973, 18991, 36
7974, 18991, 42
7975, 18991, 43
7976, 18991, 46
7977, 18991, 41
7978, 18991, 44
7979, 18991, 41
7980, 18991, 42
7981, 18991, 42
7982, 18991, 20
7983, 18991, 9
7984, 18991, 14
7985, 18991, 23
7986, 18991, 37
7987, 18991, 38
7988, 18991, 42
7989, 18991, 44
7990, 18991, 43
7991, 18991, 40
7992, 18991, 48
7993, 18991, 42
7994, 18991, 28
7995, 18991, 15
7996, 18991, 8
7997, 18991, 16
7998, 18991, 33
7999, 18991, 37
8000, 18991, 45
8001, 18991, 41
8002, 18991, 43
8003, 18991, 43
8004, 18991, 47
8005, 18991, 36
8006, 18991, 39
8007, 18991, 11
8008, 18991, 13
8009, 18991, 12
8010, 18991, 29
8011, 18991, 36
8012, 18991, 46
8013, 18991, 45
8014, 18991, 42
8015, 18991, 39
8016, 18991, 43
8017, 18991, 39
8018, 18991, 36
8019, 18991, 27
8020, 18991, 13
8021, 18991, 11
8022, 18991, 18
8023, 18991, 34
8024, 18991, 43
8025, 18991, 40
8026, 18991, 40
8027, 18991, 43
8028, 18991, 44
8029, 18991, 43
8030, 18991, 42
8031, 18991, 38
8032, 18991, 24
8033, 18991, 9
8034, 18991, 13
8035, 18991, 27
8036, 18991, 35
8037, 18991, 38
8038, 18991, 40
8039, 18991, 40
8040, 18991, 42
8041, 18991, 40
8042, 18991, 34
8043, 18991, 36
8044, 18991, 23
8045, 18991, 10
8046, 18991, 6
8047, 18991, 13
8048, 18991, 32
8049, 18991, 34
8050, 18991, 39
8051, 18991, 40
8052, 18991, 41
8053, 18991, 44
8054, 18991, 41
8055, 18991, 41
8056, 18991, 34
8057, 18991, 15
8058, 18991, 7
8059, 18991, 11
8060, 18991, 31
8061, 18991, 35
8062, 18991, 41
8063, 18991, 42
8064, 18991, 44
8065, 18991, 39
8066, 18991, 37
8067, 18991, 34
8068, 18991, 40
8069, 18991, 28
8070, 18991, 12
8071, 18991, 7
8072, 18991, 22
8073, 18991, 29
8074, 18991, 36
8075, 18991, 37
8076, 18991, 35
8077, 18991, 41
8078, 18991, 40
8079, 18991, 39
8080, 18991, 37
8081, 18991, 35
8082, 18991, 19
8083, 18991, 9
8084, 18991, 10
8085, 18991, 19
8086, 18991, 35
8087, 18991, 37
8088, 18991, 41
8089, 18991, 41
8090, 18991, 42
8091, 18991, 40
8092, 18991, 40
8093, 18991, 40
8094, 18991, 29
8095, 18991, 7
8096, 18991, 6
8097, 18991, 14
8098, 18991, 33
8099, 18991, 38
8100, 18991, 44
7900, 18992, 42
7901, 18992, 41
7902, 18992, 41
7903, 18992, 43
7904, 18992, 44
7905, 18992, 42
7906, 18992, 32
7907, 18992, 17
7908, 18992, 7
7909, 18992, 10
7910, 18992, 25
7911, 18992, 37
7912, 18992, 44
7913, 18992, 43
7914, 18992, 43
7915, 18992, 42
7916, 18992, 40
7917, 18992, 43
7918, 18992, 35
7919, 18992, 28
7920, 18992, 17
7921, 18992, 9
7922, 18992, 22
7923, 18992, 31
7924, 18992, 42
7925, 18992, 42
7926, 18992, 40
7927, 18992, 43
7928, 18992, 44
7929, 18992, 45
7930, 18992, 39
7931, 18992, 36
7932, 18992, 21
7933, 18992, 15
7934, 18992, 14
7935, 18992, 22
7936, 18992, 38
7937, 18992, 36
7938, 18992, 44
7939, 18992, 40
7940, 18992, 43
7941, 18992, 43
7942, 18992, 43
7943, 18992, 36
7944, 18992, 27
7945, 18992, 16
7946, 18992, 8
7947, 18992, 19
7948, 18992, 29
7949, 18992, 41
7950, 18992, 44
7951, 18992, 42
7952, 18992, 45
7953, 18992, 44
7954, 18992, 42
7955, 18992, 38
7956, 18992, 35
7957, 18992, 23
7958, 18992, 12
7959, 18992, 14
7960, 18992, 29
7961, 18992, 36
7962, 18992, 46
7963, 18992, 43
7964, 18992, 44
7965, 18992, 43
7966, 18992, 41
7967, 18992, 32
7968, 18992, 38
7969, 18992, 34
7970, 18992, 18
7971, 18992, 8
7972, 18992, 25
7973, 18992, 26
7974, 18992, 43
7975, 18992, 43
7976, 18992, 45
7977, 18992, 41
7978, 18992, 42
7979, 18992, 40
7980, 18992, 43
7981, 18992, 40
7982, 18992, 18
7983, 18992, 9
7984, 18992, 14
7985, 18992, 28
7986, 18992, 42
7987, 18992, 39
7988, 18992, 44
7989, 18992, 41
7990, 18992, 43
7991, 18992, 43
7992, 18992, 48
7993, 18992, 43
7994, 18992, 30
7995, 18992, 11
7996, 18992, 8
7997, 18992, 15
7998, 18992, 39
7999, 18992, 37
8000, 18992, 47
8001, 18992, 42
8002, 18992, 43
8003, 18992, 45
8004, 18992, 45
8005, 18992, 38
8006, 18992, 34
8007, 18992, 19
8008, 18992, 7
8009, 18992, 14
8010, 18992, 31
8011, 18992, 34
8012, 18992, 47
8013, 18992, 47
8014, 18992, 45
8015, 18992, 37
8016, 18992, 42
8017, 18992, 38
8018, 18992, 42
8019, 18992, 30
8020, 18992, 18
8021, 18992, 9
8022, 18992, 18
8023, 18992, 31
8024, 18992, 44
8025, 18992, 40
8026, 18992, 43
8027, 18992, 39
8028, 18992, 45
8029, 18992, 42
8030, 18992, 45
8031, 18992, 31
8032, 18992, 16
8033, 18992, 11
8034, 18992, 15
8035, 18992, 25
8036, 18992, 31
8037, 18992, 37
8038, 18992, 40
8039, 18992, 42
8040, 18992, 40
8041, 18992, 41
8042, 18992, 37
8043, 18992, 33
8044, 18992, 27
8045, 18992, 14
8046, 18992, 7
8047, 18992, 13
8048, 18992, 30
8049, 18992, 35
8050, 18992, 40
8051, 18992, 41
8052, 18992, 40
8053, 18992, 44
8054, 18992, 42
8055, 18992, 38
8056, 18992, 36
8057, 18992, 16
8058, 18992, 6
8059, 18992, 9
8060, 18992, 27
8061, 18992, 36
8062, 18992, 41
8063, 18992, 40
8064, 18992, 40
8065, 18992, 40
8066, 18992, 38
8067, 18992, 36
8068, 18992, 35
8069, 18992, 28
8070, 18992, 16
8071, 18992, 9
8072, 18992, 16
8073, 18992, 27
8074, 18992, 40
8075, 18992, 36
8076, 18992, 37
8077, 18992, 41
8078, 18992, 39
8079, 18992, 40
8080, 18992, 34
8081, 18992, 32
8082, 18992, 17
8083, 18992, 5
8084, 18992, 9
8085, 18992, 30
8086, 18992, 38
8087, 18992, 37
8088, 18992, 40
8089, 18992, 40
8090, 18992, 41
8091, 18992, 40
8092, 18992, 41
8093, 18992, 38
8094, 18992, 29
8095, 18992, 9
8096, 18992, 6
8097, 18992, 20
8098, 18992, 33
8099, 18992, 34
8100, 18992, 43
7900, 18993, 44
7901, 18993, 40
7902, 18993, 43
7903, 18993, 41
7904, 18993, 41
7905, 18993, 39
7906, 18993, 33
7907, 18993, 13
7908, 18993, 6
7909, 18993, 13
7910, 18993, 30
7911, 18993, 38
7912, 18993, 40
7913, 18993, 43
7914, 18993, 43
7915, 18993, 44
7916, 18993, 42
7917, 18993, 41
7918, 18993, 38
7919, 18993, 27
7920, 18993, 12
7921, 18993, 10
7922, 18993, 23
7923, 18993, 34
7924, 18993, 43
7925, 18993, 42
7926, 18993, 41
7927, 18993, 42
7928, 18993, 45
7929, 18993, 45
7930, 18993, 41
7931, 18993, 36
7932, 18993, 20
7933, 18993, 12
7934, 18993, 11
7935, 18993, 22
7936, 18993, 41
7937, 18993, 34
7938, 18993, 41
7939, 18993, 43
7940, 18993, 43
7941, 18993, 44
7942, 18993, 42
7943, 18993, 35
7944, 18993, 24
7945, 18993, 19
7946, 18993, 5
7947, 18993, 18
7948, 18993, 27
7949, 18993, 42
7950, 18993, 45
7951, 18993, 44
7952, 18993, 46
7953, 18993, 45
7954, 18993, 44
7955, 18993, 38
7956, 18993, 34
7957, 18993, 19
7958, 18993, 13
7959, 18993, 15
7960, 18993, 23
7961, 18993, 38
7962, 18993, 46
7963, 18993, 44
7964, 18993, 45
7965, 18993, 42
7966, 18993, 39
7967, 18993, 38
7968, 18993, 34
7969, 18993, 31
7970, 18993, 15
7971, 18993, 9
7972, 18993, 19
7973, 18993, 34
7974, 18993, 40
7975, 18993, 45
7976, 18993, 46
7977, 18993, 40
7978, 18993, 40
7979, 18993, 39
7980, 18993, 41
7981, 18993, 41
7982, 18993, 18
7983, 18993, 10
7984, 18993, 16
7985, 18993, 27
7986, 18993, 38
7987, 18993, 40
7988, 18993, 42
7989, 18993, 43
7990, 18993, 42
7991, 18993, 44
7992, 18993, 46
7993, 18993, 40
7994, 18993, 26
7995, 18993, 11
7996, 18993, 7
7997, 18993, 14
7998, 18993, 32
7999, 18993, 37
8000, 18993, 44
8001, 18993, 44
8002, 18993, 43
8003, 18993, 44
8004, 18993, 46
8005, 18993, 41
8006, 18993, 33
8007, 18993, 13
8008, 18993, 11
8009, 18993, 11
8010, 18993, 27
8011, 18993, 43
8012, 18993, 45
8013, 18993, 44
8014, 18993, 43
8015, 18993, 39
8016, 18993, 43
8017, 18993, 39
8018, 18993, 34
8019, 18993, 31
8020, 18993, 14
8021, 18993, 10
8022, 18993, 19
8023, 18993, 40
8024, 18993, 43
8025, 18993, 41
8026, 18993, 39
8027, 18993, 41
8028, 18993, 42
8029, 18993, 43
8030, 18993, 41
8031, 18993, 33
8032, 18993, 25
8033, 18993, 12
8034, 18993, 14
8035, 18993, 23
8036, 18993, 34
8037, 18993, 39
8038, 18993, 40
8039, 18993, 42
8040, 18993, 40
8041, 18993, 42
8042, 18993, 38
8043, 18993, 39
8044, 18993, 27
8045, 18993, 14
8046, 18993, 6
8047, 18993, 15
8048, 18993, 30
8049, 18993, 38
8050, 18993, 41
8051, 18993, 42
8052, 18993, 41
8053, 18993, 42
8054, 18993, 41
8055, 18993, 36
8056, 18993, 31
8057, 18993, 17
8058, 18993, 9
8059, 18993, 17
8060, 18993, 25
8061, 18993, 36
8062, 18993, 40
8063, 18993, 41
8064, 18993, 43
8065, 18993, 42
8066, 18993, 37
8067, 18993, 38
8068, 18993, 37
8069, 18993, 26
8070, 18993, 10
8071, 18993, 8
8072, 18993, 21
8073, 18993, 28
8074, 18993, 39
8075, 18993, 38
8076, 18993, 35
8077, 18993, 42
8078, 18993, 39
8079, 18993, 40
8080, 18993, 39
8081, 18993, 31
8082, 18993, 24
8083, 18993, 8
8084, 18993, 10
8085, 18993, 21
8086, 18993, 32
8087, 18993, 34
8088, 18993, 42
8089, 18993, 40
8090, 18993, 39
8091, 18993, 42
8092, 18993, 43
8093, 18993, 32
8094, 18993, 29
8095, 18993, 8
8096, 18993, 8
8097, 18993, 15
8098, 18993, 29
8099, 18993, 37
8100, 18993, 43
7900, 18994, 42
7901, 18994, 42
7902, 18994, 41
7903, 18994, 40
7904, 18994, 42
7905, 18994, 41
7906, 18994, 32
7907, 18994, 14
7908, 18994, 7
7909, 18994, 12
7910, 18994, 24
7911, 18994, 33
7912, 18994, 42
7913, 18994, 43
7914, 18994, 43
7915, 18994, 40
7916, 18994, 43
7917, 18994, 41
7918, 18994, 34
7919, 18994, 29
7920, 18994, 14
7921, 18994, 8
7922, 18994, 13
7923, 18994, 36
7924, 18994, 41
7925, 18994, 40
7926, 18994, 41
7927, 18994, 41
7928, 18994, 41
7929, 18994, 44
7930, 18994, 40
7931, 18994, 34
7932, 18994, 16
7933, 18994, 14
7934, 18994, 12
7935, 18994, 24
7936, 18994, 35
7937, 18994, 33
7938, 18994, 40
7939, 18994, 43
7940, 18994, 44
7941, 18994, 44
7942, 18994, 43
7943, 18994, 33
7944, 18994, 31
7945, 18994, 15
7946, 18994, 9
7947, 18994, 16
7948, 18994, 28
7949, 18994, 41
7950, 18994, 44
7951, 18994, 40
7952, 18994, 46
7953, 18994, 44
7954, 18994, 45
7955, 18994, 39
7956, 18994, 33
7957, 18994, 20
7958, 18994, 14
7959, 18994, 11
7960, 18994, 24
7961, 18994, 33
7962, 18994, 43
7963, 18994, 42
7964, 18994, 45
7965, 18994, 43
7966, 18994, 38
7967, 18994, 35
7968, 18994, 32
7969, 18994, 27
7970, 18994, 15
7971, 18994, 12
7972, 18994, 16
7973, 18994, 30
7974, 18994, 43
7975, 18994, 42
7976, 18994, 45
7977, 18994, 39
7978, 18994, 40
7979, 18994, 42
7980, 18994, 44
7981, 18994, 34
7982, 18994, 20
7983, 18994, 10
7984, 18994, 17
7985, 18994, 26
7986, 18994, 38
7987, 18994, 39
7988, 18994, 44
7989, 18994, 42
7990, 18994, 43
7991, 18994, 43
7992, 18994, 45
7993, 18994, 41
7994, 18994, 24
7995, 18994, 16
7996, 18994, 9
7997, 18994, 14
7998, 18994, 31
7999, 18994, 42
8000, 18994, 45
8001, 18994, 42
8002, 18994, 40
8003, 18994, 44
8004, 18994, 47
8005, 18994, 41
8006, 18994, 31
8007, 18994, 13
8008, 18994, 8
8009, 18994, 11
8010, 18994, 28
8011, 18994, 40
8012, 18994, 44
8013, 18994, 43
8014, 18994, 41
8015, 18994, 41
8016, 18994, 41
8017, 18994, 35
8018, 18994, 36
8019, 18994, 27
8020, 18994, 11
8021, 18994, 11
8022, 18994, 20
8023, 18994, 36
8024, 18994, 41
8025, 18994, 38
8026, 18994, 43
8027, 18994, 39
8028, 18994, 42
8029, 18994, 45
8030, 18994, 43
8031, 18994, 35
8032, 18994, 21
8033, 18994, 12
8034, 18994, 12
8035, 18994, 28
8036, 18994, 37
8037, 18994, 35
8038, 18994, 42
8039, 18994, 43
8040, 18994, 41
8041, 18994, 42
8042, 18994, 34
8043, 18994, 37
8044, 18994, 25
8045, 18994, 16
8046, 18994, 8
8047, 18994, 13
8048, 18994, 30
8049, 18994, 34
8050, 18994, 40
8051, 18994, 43
8052, 18994, 43
8053, 18994, 43
8054, 18994, 40
8055, 18994, 39
8056, 18994, 32
8057, 18994, 12
8058, 18994, 7
8059, 18994, 8
8060, 18994, 23
8061, 18994, 33
8062, 18994, 40
8063, 18994, 42
8064, 18994, 43
8065, 18994, 41
8066, 18994, 39
8067, 18994, 36
8068, 18994, 40
8069, 18994, 23
8070, 18994, 11
8071, 18994, 8
8072, 18994, 19
8073, 18994, 29
8074, 18994, 39
8075, 18994, 39
8076, 18994, 40
8077, 18994, 40
8078, 18994, 41
8079, 18994, 38
8080, 18994, 34
8081, 18994, 28
8082, 18994, 18
8083, 18994, 8
8084, 18994, 14
8085, 18994, 21
8086, 18994, 39
8087, 18994, 33
8088, 18994, 41
8089, 18994, 41
8090, 18994, 39
8091, 18994, 41
8092, 18994, 40
8093, 18994, 32
8094, 18994, 30
8095, 18994, 7
8096, 18994, 5
8097, 18994, 18
8098, 18994, 32
8099, 18994, 39
8100, 18994, 42
7900, 18995, 42
7901, 18995, 41
7902, 18995, 40
7903, 18995, 39
7904, 18995, 40
7905, 18995, 40
7906, 18995, 37
7907, 18995, 13
7908, 18995, 7
7909, 18995, 16
7910, 18995, 19
7911, 18995, 37
7912, 18995, 43
7913, 18995, 42
7914, 18995, 40
7915, 18995, 39
7916, 18995, 42
7917, 18995, 38
7918, 18995, 35
7919, 18995, 25
7920, 18995, 11
7921, 18995, 10
7922, 18995, 18
7923, 18995, 37
7924, 18995, 45
7925, 18995, 40
7926, 18995, 41
7927, 18995, 39
7928, 18995, 44
7929, 18995, 41
7930, 18995, 42
7931, 18995, 33
7932, 18995, 20
7933, 18995, 15
7934, 18995, 16
7935, 18995, 26
7936, 18995, 37
7937, 18995, 35
7938, 18995, 40
7939, 18995, 43
7940, 18995, 43
7941, 18995, 44
7942, 18995, 40
7943, 18995, 35
7944, 18995, 27
7945, 18995, 19
7946, 18995, 8
7947, 18995, 18
7948, 18995, 28
7949, 18995, 38
7950, 18995, 44
7951, 18995, 41
7952, 18995, 45
7953, 18995, 43
7954, 18995, 42
7955, 18995, 38
7956, 18995, 34
7957, 18995, 16
7958, 18995, 15
7959, 18995, 12
7960, 18995, 24
7961, 18995, 37
7962, 18995, 46
7963, 18995, 42
7964, 18995, 42
7965, 18995, 39
7966, 18995, 39
7967, 18995, 36
7968, 18995, 39
7969, 18995, 31
7970, 18995, 18
7971, 18995, 10
7972, 18995, 20
7973, 18995, 27
7974, 18995, 41
7975, 18995, 45
7976, 18995, 45
7977, 18995, 41
7978, 18995, 44
7979, 18995, 43
7980, 18995, 43
7981, 18995, 42
7982, 18995, 20
7983, 18995, 8
7984, 18995, 15
7985, 18995, 25
7986, 18995, 38
7987, 18995, 42
7988, 18995, 43
7989, 18995, 44
7990, 18995, 43
7991, 18995, 41
7992, 18995, 48
7993, 18995, 38
7994, 18995, 29
7995, 18995, 8
7996, 18995, 10
7997, 18995, 11
7998, 18995, 36
7999, 18995, 37
8000, 18995, 44
8001, 18995, 45
8002, 18995, 44
8003, 18995, 43
8004, 18995, 45
8005, 18995, 39
8006, 18995, 31
8007, 18995, 14
8008, 18995, 9
8009, 18995, 11
8010, 18995, 26
8011, 18995, 39
8012, 18995, 46
8013, 18995, 45
8014, 18995, 41
8015, 18995, 40
8016, 18995, 41
8017, 18995, 37
8018, 18995, 40
8019, 18995, 29
8020, 18995, 16
8021, 18995, 12
8022, 18995, 22
8023, 18995, 37
8024, 18995, 43
8025, 18995, 41
8026, 18995, 41
8027, 18995, 40
8028, 18995, 41
8029, 18995, 39
8030, 18995, 40
8031, 18995, 31
8032, 18995, 25
8033, 18995, 9
8034, 18995, 10
8035, 18995, 32
8036, 18995, 36
8037, 18995, 39
8038, 18995, 42
8039, 18995, 41
8040, 18995, 41
8041, 18995, 42
8042, 18995, 39
8043, 18995, 35
8044, 18995, 25
8045, 18995, 14
8046, 18995, 7
8047, 18995, 13
8048, 18995, 30
8049, 18995, 36
8050, 18995, 39
8051, 18995, 40
8052, 18995, 40
8053, 18995, 40
8054, 18995, 42
8055, 18995, 39
8056, 18995, 32
8057, 18995, 13
8058, 18995, 7
8059, 18995, 9
8060, 18995, 30
8061, 18995, 37
8062, 18995, 40
8063, 18995, 41
8064, 18995, 43
8065, 18995, 40
8066, 18995, 41
8067, 18995, 36
8068, 18995, 41
8069, 18995, 28
8070, 18995, 11
8071, 18995, 7
8072, 18995, 14
8073, 18995, 30
8074, 18995, 38
8075, 18995, 38
8076, 18995, 38
8077, 18995, 40
8078, 18995, 33
8079, 18995, 39
8080, 18995, 39
8081, 18995, 33
8082, 18995, 19
8083, 18995, 9
8084, 18995, 9
8085, 18995, 24
8086, 18995, 33
8087, 18995, 35
8088, 18995, 38
8089, 18995, 41
8090, 18995, 40
8091, 18995, 40
8092, 18995, 41
8093, 18995, 38
8094, 18995, 25
8095, 18995, 8
8096, 18995, 8
8097, 18995, 15
8098, 18995, 29
8099, 18995, 37
8100, 18995, 42
7900, 18996, 43
7901, 18996, 39
7902, 18996, 44
7903, 18996, 40
7904, 18996, 45
7905, 18996, 40
7906, 18996, 35
7907, 18996, 19
7908, 18996, 7
7909, 18996, 13
7910, 18996, 31
7911, 18996, 36
7912, 18996, 43
7913, 18996, 45
7914, 18996, 40
7915, 18996, 42
7916, 18996, 41
7917, 18996, 42
7918, 18996, 35
7919, 18996, 23
7920, 18996, 8
7921, 18996, 8
7922, 18996, 17
7923, 18996, 35
7924, 18996, 42
7925, 18996, 40
7926, 18996, 42
7927, 18996, 40
7928, 18996, 44
7929, 18996, 44
7930, 18996, 40
7931, 18996, 34
7932, 18996, 20
7933, 18996, 14
7934, 18996, 14
7935, 18996, 23
7936, 18996, 38
7937, 18996, 35
7938, 18996, 43
7939, 18996, 45
7940, 18996, 43
7941, 18996, 43
7942, 18996, 40
7943, 18996, 38
7944, 18996, 27
7945, 18996, 17
7946, 18996, 10
7947, 18996, 18
7948, 18996, 32
7949, 18996, 39
7950, 18996, 44
7951, 18996, 44
7952, 18996, 45
7953, 18996, 45
7954, 18996, 43
7955, 18996, 38
7956, 18996, 28
7957, 18996, 18
7958, 18996, 12
7959, 18996, 12
7960, 18996, 28
7961, 18996, 33
7962, 18996, 45
7963, 18996, 42
7964, 18996, 44
7965, 18996, 43
7966, 18996, 40
7967, 18996, 35
7968, 18996, 39
7969, 18996, 32
7970, 18996, 16
7971, 18996, 9
7972, 18996, 16
7973, 18996, 31
7974, 18996, 43
7975, 18996, 42
7976, 18996, 46
7977, 18996, 40
7978, 18996, 42
7979, 18996, 43
7980, 18996, 44
7981, 18996, 39
7982, 18996, 19
7983, 18996, 8
7984, 18996, 18
7985, 18996, 22
7986, 18996, 37
7987, 18996, 39
7988, 18996, 42
7989, 18996, 45
7990, 18996, 43
7991, 18996, 38
7992, 18996, 46
7993, 18996, 42
7994, 18996, 26
7995, 18996, 7
7996, 18996, 6
7997, 18996, 10
7998, 18996, 33
7999, 18996, 38
8000, 18996, 46
8001, 18996, 44
8002, 18996, 45
8003, 18996, 43
8004, 18996, 46
8005, 18996, 41
8006, 18996, 32
8007, 18996, 12
8008, 18996, 11
8009, 18996, 12
8010, 18996, 23
8011, 18996, 39
8012, 18996, 43
8013, 18996, 45
8014, 18996, 43
8015, 18996, 40
8016, 18996, 45
8017, 18996, 37
8018, 18996, 37
8019, 18996, 27
8020, 18996, 15
8021, 18996, 10
8022, 18996, 23
8023, 18996, 32
8024, 18996, 43
8025, 18996, 41
8026, 18996, 41
8027, 18996, 40
8028, 18996, 44
8029, 18996, 38
8030, 18996, 41
8031, 18996, 32
8032, 18996, 25
8033, 18996, 12
8034, 18996, 15
8035, 18996, 28
8036, 18996, 37
8037, 18996, 39
8038, 18996, 41
8039, 18996, 42
8040, 18996, 43
8041, 18996, 41
8042, 18996, 40
8043, 18996, 33
8044, 18996, 28
8045, 18996, 16
8046, 18996, 5
8047, 18996, 18
8048, 18996, 25
8049, 18996, 36
8050, 18996, 39
8051, 18996, 40
8052, 18996, 41
8053, 18996, 44
8054, 18996, 40
8055, 18996, 37
8056, 18996, 30
8057, 18996, 18
8058, 18996, 9
8059, 18996, 11
8060, 18996, 27
8061, 18996, 39
8062, 18996, 41
8063, 18996, 42
8064, 18996, 43
8065, 18996, 40
8066, 18996, 37
8067, 18996, 37
8068, 18996, 36
8069, 18996, 32
8070, 18996, 15
8071, 18996, 8
8072, 18996, 23
8073, 18996, 24
8074, 18996, 34
8075, 18996, 35
8076, 18996, 38
8077, 18996, 43
8078, 18996, 36
8079, 18996, 36
8080, 18996, 38
8081, 18996, 33
8082, 18996, 17
8083, 18996, 8
8084, 18996, 10
8085, 18996, 23
8086, 18996, 38
8087, 18996, 33
8088, 18996, 37
8089, 18996, 42
8090, 18996, 39
8091, 18996, 41
8092, 18996, 40
8093, 18996, 39
8094, 18996, 24
8095, 18996, 8
8096, 18996, 8
8097, 18996, 17
8098, 18996, 34
8099, 18996, 37
8100, 18996, 42
7900, 18997, 41
7901, 18997, 40
7902, 18997, 42
7903, 18997, 42
7904, 18997, 43
7905, 18997, 41
7906, 18997, 32
7907, 18997, 13
7908, 18997, 10
7909, 18997, 10
7910, 18997, 26
7911, 18997, 32
7912, 18997, 42
7913, 18997, 45
7914, 18997, 43
7915, 18997, 41
7916, 18997, 42
7917, 18997, 38
7918, 18997, 40
7919, 18997, 31
7920, 18997, 12
7921, 18997, 10
7922, 18997, 16
7923, 18997, 33
7924, 18997, 38
7925, 18997, 39
7926, 18997, 43
7927, 18997, 40
7928, 18997, 40
7929, 18997, 43
7930, 18997, 40
7931, 18997, 33
7932, 18997, 19
7933, 18997, 16
7934, 18997, 14
7935, 18997, 21
7936, 18997, 39
7937, 18997, 31
7938, 18997, 42
7939, 18997, 43
7940, 18997, 44
7941, 18997, 41
7942, 18997, 44
7943, 18997, 34
7944, 18997, 29
7945, 18997, 22
7946, 18997, 5
7947, 18997, 16
7948, 18997, 29
7949, 18997, 40
7950, 18997, 44
7951, 18997, 41
7952, 18997, 44
7953, 18997, 43
7954, 18997, 43
7955, 18997, 39
7956, 18997, 36
7957, 18997, 25
7958, 18997, 12
7959, 18997, 14
7960, 18997, 26
7961, 18997, 39
7962, 18997, 45
7963, 18997, 40
7964, 18997, 43
7965, 18997, 44
7966, 18997, 41
7967, 18997, 32
7968, 18997, 36
7969, 18997, 32
7970, 18997, 13
7971, 18997, 10
7972, 18997, 17
7973, 18997, 35
7974, 18997, 39
7975, 18997, 44
7976, 18997, 43
7977, 18997, 42
7978, 18997, 42
7979, 18997, 40
7980, 18997, 43
7981, 18997, 36
7982, 18997, 15
7983, 18997, 10
7984, 18997, 14
7985, 18997, 29
7986, 18997, 36
7987, 18997, 41
7988, 18997, 45
7989, 18997, 41
7990, 18997, 41
7991, 18997, 41
7992, 18997, 47
7993, 18997, 39
7994, 18997, 27
7995, 18997, 12
7996, 18997, 8
7997, 18997, 10
7998, 18997, 33
7999, 18997, 39
8000, 18997, 45
8001, 18997, 45
8002, 18997, 44
8003, 18997, 46
8004, 18997, 47
8005, 18997, 42
8006, 18997, 34
8007, 18997, 20
8008, 18997, 8
8009, 18997, 13
8010, 18997, 33
8011, 18997, 39
8012, 18997, 45
8013, 18997, 42
8014, 18997, 44
8015, 18997, 42
8016, 18997, 41
8017, 18997, 40
8018, 18997, 30
8019, 18997, 25
8020, 18997, 16
8021, 18997, 12
8022, 18997, 19
8023, 18997, 34
8024, 18997, 37
8025, 18997, 40
8026, 18997, 40
8027, 18997, 39
8028, 18997, 41
8029, 18997, 43
8030, 18997, 43
8031, 18997, 34
8032, 18997, 19
8033, 18997, 16
8034, 18997, 13
8035, 18997, 23
8036, 18997, 34
8037, 18997, 34
8038, 18997, 40
8039, 18997, 42
8040, 18997, 42
8041, 18997, 41
8042, 18997, 39
8043, 18997, 35
8044, 18997, 30
8045, 18997, 12
8046, 18997, 4
8047, 18997, 12
8048, 18997, 31
8049, 18997, 36
8050, 18997, 38
8051, 18997, 41
8052, 18997, 40
8053, 18997, 44
8054, 18997, 40
8055, 18997, 42
8056, 18997, 33
8057, 18997, 15
8058, 18997, 6
8059, 18997, 9
8060, 18997, 25
8061, 18997, 39
8062, 18997, 41
8063, 18997, 40
8064, 18997, 41
8065, 18997, 40
8066, 18997, 40
8067, 18997, 36
8068, 18997, 37
8069, 18997, 29
8070, 18997, 11
8071, 18997, 10
8072, 18997, 18
8073, 18997, 29
8074, 18997, 41
8075, 18997, 41
8076, 18997, 37
8077, 18997, 40
8078, 18997, 37
8079, 18997, 40
8080, 18997, 36
8081, 18997, 30
8082, 18997, 20
8083, 18997, 8
8084, 18997, 16
8085, 18997, 23
8086, 18997, 36
8087, 18997, 37
8088, 18997, 40
8089, 18997, 40
8090, 18997, 42
8091, 18997, 41
8092, 18997, 43
8093, 18997, 33
8094, 18997, 24
8095, 18997, 15
8096, 18997, 6
8097, 18997, 13
8098, 18997, 27
8099, 18997, 38
8100, 18997, 43
7900, 18998, 44
7901, 18998, 39
7902, 18998, 43
7903, 18998, 42
7904, 18998, 44
7905, 18998, 42
7906, 18998, 34
7907, 18998, 20
7908, 18998, 8
7909, 18998, 15
7910, 18998, 23
7911, 18998, 34
7912, 18998, 45
7913, 18998, 43
7914, 18998, 43
7915, 18998, 41
7916, 18998, 42
7917, 18998, 37
7918, 18998, 41
7919, 18998, 22
7920, 18998, 15
7921, 18998, 10
7922, 18998, 12
7923, 18998, 34
7924, 18998, 39
7925, 18998, 44
7926, 18998, 40
7927, 18998, 40
7928, 18998, 43
7929, 18998, 40
7930, 18998, 37
7931, 18998, 31
7932, 18998, 20
7933, 18998, 12
7934, 18998, 11
7935, 18998, 24
7936, 18998, 36
7937, 18998, 34
7938, 18998, 38
7939, 18998, 42
7940, 18998, 42
7941, 18998, 43
7942, 18998, 43
7943, 18998, 37
7944, 18998, 30
7945, 18998, 15
7946, 18998, 8
7947, 18998, 15
7948, 18998, 35
7949, 18998, 37
7950, 18998, 44
7951, 18998, 43
7952, 18998, 44
7953, 18998, 44
7954, 18998, 44
7955, 18998, 38
7956, 18998, 32
7957, 18998, 20
7958, 18998, 12
7959, 18998, 12
7960, 18998, 27
7961, 18998, 38
7962, 18998, 42
7963, 18998, 44
7964, 18998, 45
7965, 18998, 43
7966, 18998, 40
7967, 18998, 40
7968, 18998, 40
7969, 18998, 34
7970, 18998, 15
7971, 18998, 9
7972, 18998, 24
7973, 18998, 38
7974, 18998, 42
7975, 18998, 43
7976, 18998, 47
7977, 18998, 40
7978, 18998, 41
7979, 18998, 43
7980, 18998, 43
7981, 18998, 38
7982, 18998, 16
7983, 18998, 7
7984, 18998, 13
7985, 18998, 21
7986, 18998, 39
7987, 18998, 39
7988, 18998, 44
7989, 18998, 42
7990, 18998, 43
7991, 18998, 42
7992, 18998, 48
7993, 18998, 41
7994, 18998, 29
7995, 18998, 11
7996, 18998, 11
7997, 18998, 10
7998, 18998, 35
7999, 18998, 37
8000, 18998, 43
8001, 18998, 44
8002, 18998, 44
8003, 18998, 43
8004, 18998, 47
8005, 18998, 44
8006, 18998, 29
8007, 18998, 17
8008, 18998, 9
8009, 18998, 16
8010, 18998, 29
8011, 18998, 39
8012, 18998, 45
8013, 18998, 42
8014, 18998, 43
8015, 18998, 42
8016, 18998, 44
8017, 18998, 38
8018, 18998, 39
8019, 18998, 28
8020, 18998, 17
8021, 18998, 12
8022, 18998, 19
8023, 18998, 37
8024, 18998, 41
8025, 18998, 38
8026, 18998, 40
8027, 18998, 40
8028, 18998, 41
8029, 18998, 40
8030, 18998, 42
8031, 18998, 35
8032, 18998, 21
8033, 18998, 12
8034, 18998, 12
8035, 18998, 23
8036, 18998, 34
8037, 18998, 40
8038, 18998, 40
8039, 18998, 45
8040, 18998, 42
8041, 18998, 42
8042, 18998, 37
8043, 18998, 35
8044, 18998, 26
8045, 18998, 10
8046, 18998, 4
8047, 18998, 11
8048, 18998, 30
8049, 18998, 35
8050, 18998, 42
8051, 18998, 42
8052, 18998, 42
8053, 18998, 40
8054, 18998, 39
8055, 18998, 40
8056, 18998, 38
8057, 18998, 18
8058, 18998, 7
8059, 18998, 10
8060, 18998, 23
8061, 18998, 36
8062, 18998, 43
8063, 18998, 39
8064, 18998, 43
8065, 18998, 39
8066, 18998, 39
8067, 18998, 36
8068, 18998, 38
8069, 18998, 26
8070, 18998, 14
8071, 18998, 10
8072, 18998, 18
8073, 18998, 25
8074, 18998, 37
8075, 18998, 37
8076, 18998, 39
8077, 18998, 40
8078, 18998, 35
8079, 18998, 38
8080, 18998, 35
8081, 18998, 32
8082, 18998, 20
8083, 18998, 5
8084, 18998, 13
8085, 18998, 21
8086, 18998, 38
8087, 18998, 34
8088, 18998, 40
8089, 18998, 42
8090, 18998, 40
8091, 18998, 41
8092, 18998, 41
8093, 18998, 34
8094, 18998, 31
8095, 18998, 12
8096, 18998, 6
8097, 18998, 14
8098, 18998, 32
8099, 18998, 34
8100, 18998, 42
7900, 18999, 42
7901, 18999, 37
7902, 18999, 41
7903, 18999, 38
7904, 18999, 45
7905, 18999, 42
7906, 18999, 34
7907, 18999, 19
7908, 18999, 7
7909, 18999, 14
7910, 18999, 26
7911, 18999, 34
7912, 18999, 42
7913, 18999, 44
7914, 18999, 42
7915, 18999, 41
7916, 18999, 43
7917, 18999, 36
7918, 18999, 35
7919, 18999, 27
7920, 18999, 10
7921, 18999, 8
7922, 18999, 19
7923, 18999, 34
7924, 18999, 38
7925, 18999, 43
7926, 18999, 41
7927, 18999, 39
7928, 18999, 40
7929, 18999, 44
7930, 18999, 41
7931, 18999, 32
7932, 18999, 18
7933, 18999, 10
7934, 18999, 13
7935, 18999, 20
7936, 18999, 33
7937, 18999, 38
7938, 18999, 42
7939, 18999, 40
7940, 18999, 45
7941, 18999, 41
7942, 18999, 39
7943, 18999, 36
7944, 18999, 24
7945, 18999, 16
7946, 18999, 11
7947, 18999, 16
7948, 18999, 28
7949, 18999, 40
7950, 18999, 41
7951, 18999, 41
7952, 18999, 44
7953, 18999, 43
7954, 18999, 43
7955, 18999, 40
7956, 18999, 35
7957, 18999, 24
7958, 18999, 15
7959, 18999, 16
7960, 18999, 29
7961, 18999, 35
7962, 18999, 46
7963, 18999, 43
7964, 18999, 42
7965, 18999, 44
7966, 18999, 40
7967, 18999, 39
7968, 18999, 35
7969, 18999, 31
7970, 18999, 16
7971, 18999, 11
7972, 18999, 23
7973, 18999, 34
7974, 18999, 42
7975, 18999, 44
7976, 18999, 45
7977, 18999, 40
7978, 18999, 44
7979, 18999, 41
7980, 18999, 44
7981, 18999, 38
7982, 18999, 22
7983, 18999, 8
7984, 18999, 15
7985, 18999, 26
7986, 18999, 36
7987, 18999, 41
7988, 18999, 45
7989, 18999, 42
7990, 18999, 44
7991, 18999, 41
7992, 18999, 49
7993, 18999, 37
7994, 18999, 27
7995, 18999, 13
7996, 18999, 7
7997, 18999, 13
7998, 18999, 32
7999, 18999, 39
8000, 18999, 44
8001, 18999, 45
8002, 18999, 44
8003, 18999, 42
8004, 18999, 45
8005, 18999, 40
8006, 18999, 32
8007, 18999, 16
8008, 18999, 9
8009, 18999, 14
8010, 18999, 29
8011, 18999, 36
8012, 18999, 43
8013, 18999, 41
8014, 18999, 44
8015, 18999, 43
8016, 18999, 45
8017, 18999, 37
8018, 18999, 38
8019, 18999, 27
8020, 18999, 14
8021, 18999, 11
8022, 18999, 23
8023, 18999, 34
8024, 18999, 43
8025, 18999, 42
8026, 18999, 40
8027, 18999, 39
8028, 18999, 41
8029, 18999, 44
8030, 18999, 42
8031, 18999, 32
8032, 18999, 23
8033, 18999, 8
8034, 18999, 14
8035, 18999, 28
8036, 18999, 36
8037, 18999, 37
8038, 18999, 44
8039, 18999, 44
8040, 18999, 44
8041, 18999, 42
8042, 18999, 38
8043, 18999, 36
8044, 18999, 25
8045, 18999, 16
8046, 18999, 9
8047, 18999, 13
8048, 18999, 35
8049, 18999, 37
8050, 18999, 39
8051, 18999, 41
8052, 18999, 42
8053, 18999, 42
8054, 18999, 41
8055, 18999, 39
8056, 18999, 36
8057, 18999, 11
8058, 18999, 7
8059, 18999, 11
8060, 18999, 26
8061, 18999, 36
8062, 18999, 37
8063, 18999, 39
8064, 18999, 40
8065, 18999, 42
8066, 18999, 41
8067, 18999, 36
8068, 18999, 37
8069, 18999, 23
8070, 18999, 13
8071, 18999, 7
8072, 18999, 21
8073, 18999, 25
8074, 18999, 39
8075, 18999, 38
8076, 18999, 35
8077, 18999, 41
8078, 18999, 39
8079, 18999, 39
8080, 18999, 39
8081, 18999, 36
8082, 18999, 19
8083, 18999, 8
8084, 18999, 10
8085, 18999, 23
8086, 18999, 35
8087, 18999, 35
8088, 18999, 39
8089, 18999, 40
8090, 18999, 42
8091, 18999, 39
8092, 18999, 42
8093, 18999, 39
8094, 18999, 29
8095, 18999, 7
8096, 18999, 7
8097, 18999, 12
8098, 18999, 35
8099, 18999, 35
8100, 18999, 40
7900, 19000, 41
7901, 19000, 40
7902, 19000, 42
7903, 19000, 35
7904, 19000, 46
7905, 19000, 38
7906, 19000, 32
7907, 19000, 19
7908, 19000, 11
7909, 19000, 12
7910, 19000, 19
7911, 19000, 38
7912, 19000, 43
7913, 19000, 40
7914, 19000, 43
7915, 19000, 40
7916, 19000, 44
7917, 19000, 40
7918, 19000, 31
7919, 19000, 27
7920, 19000, 14
7921, 19000, 10
7922, 19000, 21
7923, 19000, 37
7924, 19000, 40
7925, 19000, 42
7926, 19000, 41
7927, 19000, 41
7928, 19000, 44
7929, 19000, 45
7930, 19000, 39
7931, 19000, 31
7932, 19000, 21
7933, 19000, 10
7934, 19000, 12
7935, 19000, 26
7936, 19000, 37
7937, 19000, 35
7938, 19000, 42
7939, 19000, 42
7940, 19000, 44
7941, 19000, 41
7942, 19000, 40
7943, 19000, 36
7944, 19000, 32
7945, 19000, 17
7946, 19000, 6
7947, 19000, 17
7948, 19000, 33
7949, 19000, 42
7950, 19000, 42
7951, 19000, 43
7952, 19000, 46
7953, 19000, 43
7954, 19000, 40
7955, 19000, 39
7956, 19000, 38
7957, 19000, 25
7958, 19000, 11
7959, 19000, 18
7960, 19000, 24
7961, 19000, 33
7962, 19000, 46
7963, 19000, 42
7964, 19000, 44
7965, 19000, 41
7966, 19000, 42
7967, 19000, 37
7968, 19000, 33
7969, 19000, 36
7970, 19000, 24
7971, 19000, 12
7972, 19000, 18
7973, 19000, 35
7974, 19000, 42
7975, 19000, 42
7976, 19000, 43
7977, 19000, 42
7978, 19000, 43
7979, 19000, 42
7980, 19000, 44
7981, 19000, 39
7982, 19000, 20
7983, 19000, 11
7984, 19000, 14
7985, 19000, 26
7986, 19000, 38
7987, 19000, 40
7988, 19000, 44
7989, 19000, 41
7990, 19000, 43
7991, 19000, 44
7992, 19000, 49
7993, 19000, 39
7994, 19000, 27
7995, 19000, 14
7996, 19000, 10
7997, 19000, 17
7998, 19000, 31
7999, 19000, 39
8000, 19000, 46
8001, 19000, 42
8002, 19000, 41
8003, 19000, 43
8004, 19000, 47
8005, 19000, 41
8006, 19000, 34
8007, 19000, 14
8008, 19000, 13
8009, 19000, 16
8010, 19000, 33
8011, 19000, 38
8012, 19000, 46
8013, 19000, 45
8014, 19000, 44
8015, 19000, 42
8016, 19000, 43
8017, 19000, 40
8018, 19000, 34
8019, 19000, 26
8020, 19000, 12
8021, 19000, 14
8022, 19000, 20
8023, 19000, 30
8024, 19000, 42
8025, 19000, 43
8026, 19000, 40
8027, 19000, 38
8028, 19000, 41
8029, 19000, 44
8030, 19000, 42
8031, 19000, 33
8032, 19000, 22
8033, 19000, 9
8034, 19000, 9
8035, 19000, 24
8036, 19000, 35
8037, 19000, 36
8038, 19000, 39
8039, 19000, 45
8040, 19000, 42
8041, 19000, 43
8042, 19000, 38
8043, 19000, 33
8044, 19000, 24
8045, 19000, 14
8046, 19000, 6
8047, 19000, 16
8048, 19000, 30
8049, 19000, 35
8050, 19000, 38
8051, 19000, 43
8052, 19000, 42
8053, 19000, 41
8054, 19000, 39
8055, 19000, 43
8056, 19000, 33
8057, 19000, 15
8058, 19000, 6
8059, 19000, 11
8060, 19000, 20
8061, 19000, 40
8062, 19000, 41
8063, 19000, 42
8064, 19000, 44
8065, 19000, 39
8066, 19000, 40
8067, 19000, 35
8068, 19000, 39
8069, 19000, 31
8070, 19000, 12
8071, 19000, 8
8072, 19000, 18
8073, 19000, 23
8074, 19000, 39
8075, 19000, 41
8076, 19000, 36
8077, 19000, 42
8078, 19000, 40
8079, 19000, 40
8080, 19000, 35
8081, 19000, 33
8082, 19000, 19
8083, 19000, 6
8084, 19000, 12
8085, 19000, 24
8086, 19000, 33
8087, 19000, 35
8088, 19000, 43
8089, 19000, 40
8090, 19000, 41
8091, 19000, 41
8092, 19000, 41
8093, 19000, 35
8094, 19000, 22
8095, 19000, 9
8096, 19000, 9
8097, 19000, 18
8098, 19000, 32
8099, 19000, 37
8100, 19000, 43
7900, 19001, 41
7901, 19001, 42
7902, 19001, 41
7903, 19001, 41
7904, 19001, 45
7905, 19001, 42
7906, 19001, 32
7907, 19001, 15
7908, 19001, 7
7909, 19001, 15
7910, 19001, 32
7911, 19001, 37
7912, 19001, 45
7913, 19001, 42
7914, 19001, 45
7915, 19001, 40
7916, 19001, 42
7917, 19001, 42
7918, 19001, 38
7919, 19001, 21
7920, 19001, 16
7921, 19001, 14
7922, 19001, 19
7923, 19001, 36
7924, 19001, 42
7925, 19001, 42
7926, 19001, 43
7927, 19001, 41
7928, 19001, 41
7929, 19001, 46
7930, 19001, 38
7931, 19001, 29
7932, 19001, 24
7933, 19001, 13
7934, 19001, 13
7935, 19001, 24
7936, 19001, 31
7937, 19001, 36
7938, 19001, 42
7939, 19001, 41
7940, 19001, 43
7941, 19001, 43
7942, 19001, 44
7943, 19001, 35
7944, 19001, 31
7945, 19001, 16
7946, 19001, 9
7947, 19001, 16
7948, 19001, 30
7949, 19001, 40
7950, 19001, 44
7951, 19001, 42
7952, 19001, 45
7953, 19001, 44
7954, 19001, 43
7955, 19001, 36
7956, 19001, 37
7957, 19001, 20
7958, 19001, 12
7959, 19001, 16
7960, 19001, 26
7961, 19001, 36
7962, 19001, 44
7963, 19001, 43
7964, 19001, 44
7965, 19001, 43
7966, 19001, 39
7967, 19001, 39
7968, 19001, 38
7969, 19001, 35
7970, 19001, 16
7971, 19001, 9
7972, 19001, 17
7973, 19001, 32
7974, 19001, 42
7975, 19001, 42
7976, 19001, 45
7977, 19001, 39
7978, 19001, 43
7979, 19001, 41
7980, 19001, 42
7981, 19001, 39
7982, 19001, 21
7983, 19001, 10
7984, 19001, 16
7985, 19001, 26
7986, 19001, 38
7987, 19001, 39
7988, 19001, 43
7989, 19001, 43
7990, 19001, 43
7991, 19001, 40
7992, 19001, 43
7993, 19001, 37
7994, 19001, 28
7995, 19001, 14
7996, 19001, 11
7997, 19001, 13
7998, 19001, 31
7999, 19001, 37
8000, 19001, 41
8001, 19001, 42
8002, 19001, 42
8003, 19001, 44
8004, 19001, 44
8005, 19001, 41
8006, 19001, 35
8007, 19001, 10
8008, 19001, 10
8009, 19001, 17
8010, 19001, 29
8011, 19001, 40
8012, 19001, 42
8013, 19001, 44
8014, 19001, 45
8015, 19001, 40
8016, 19001, 41
8017, 19001, 35
8018, 19001, 38
8019, 19001, 24
8020, 19001, 13
8021, 19001, 13
8022, 19001, 24
8023, 19001, 37
8024, 19001, 43
8025, 19001, 38
8026, 19001, 41
8027, 19001, 40
8028, 19001, 43
8029, 19001, 42
8030, 19001, 43
8031, 19001, 29
8032, 19001, 21
8033, 19001, 11
8034, 19001, 10
8035, 19001, 22
8036, 19001, 28
8037, 19001, 35
8038, 19001, 42
8039, 19001, 41
8040, 19001, 42
8041, 19001, 38
8042, 19001, 36
8043, 19001, 38
8044, 19001, 29
8045, 19001, 10
8046, 19001, 4
8047, 19001, 13
8048, 19001, 30
8049, 19001, 39
8050, 19001, 41
8051, 19001, 42
8052, 19001, 41
8053, 19001, 43
8054, 19001, 40
8055, 19001, 37
8056, 19001, 29
8057, 19001, 14
8058, 19001, 7
8059, 19001, 9
8060, 19001, 21
8061, 19001, 38
8062, 19001, 40
8063, 19001, 40
8064, 19001, 44
8065, 19001, 37
8066, 19001, 36
8067, 19001, 37
8068, 19001, 38
8069, 19001, 26
8070, 19001, 12
8071, 19001, 4
8072, 19001, 23
8073, 19001, 29
8074, 19001, 36
8075, 19001, 35
8076, 19001, 41
8077, 19001, 39
8078, 19001, 42
8079, 19001, 40
8080, 19001, 36
8081, 19001, 30
8082, 19001, 18
8083, 19001, 7
8084, 19001, 9
8085, 19001, 23
8086, 19001, 33
8087, 19001, 32
8088, 19001, 41
8089, 19001, 41
8090, 19001, 40
8091, 19001, 38
8092, 19001, 38
8093, 19001, 36
8094, 19001, 25
8095, 19001, 9
8096, 19001, 10
8097, 19001, 11
8098, 19001, 35
8099, 19001, 31
8100, 19001, 40
7900, 19002, 41
7901, 19002, 43
7902, 19002, 39
7903, 19002, 39
7904, 19002, 44
7905, 19002, 41
7906, 19002, 35
7907, 19002, 16
7908, 19002, 9
7909, 19002, 13
7910, 19002, 24
7911, 19002, 38
7912, 19002, 42
7913, 19002, 41
7914, 19002, 42
7915, 19002, 38
7916, 19002, 41
7917, 19002, 42
7918, 19002, 35
7919, 19002, 28
7920, 19002, 13
7921, 19002, 10
7922, 19002, 20
7923, 19002, 31
7924, 19002, 42
7925, 19002, 43
7926, 19002, 40
7927, 19002, 42
7928, 19002, 41
7929, 19002, 40
7930, 19002, 37
7931, 19002, 32
7932, 19002, 22
7933, 19002, 14
7934, 19002, 14
7935, 19002, 27
7936, 19002, 37
7937, 19002, 35
7938, 19002, 38
7939, 19002, 42
7940, 19002, 43
7941, 19002, 46
7942, 19002, 39
7943, 19002, 36
7944, 19002, 33
7945, 19002, 16
7946, 19002, 9
7947, 19002, 16
7948, 19002, 33
7949, 19002, 45
7950, 19002, 42
7951, 19002, 43
7952, 19002, 45
7953, 19002, 46
7954, 19002, 44
7955, 19002, 38
7956, 19002, 36
7957, 19002, 20
7958, 19002, 12
7959, 19002, 8
7960, 19002, 20
7961, 19002, 34
7962, 19002, 44
7963, 19002, 40
7964, 19002, 43
7965, 19002, 44
7966, 19002, 38
7967, 19002, 34
7968, 19002, 37
7969, 19002, 29
7970, 19002, 17
7971, 19002, 12
7972, 19002, 19
7973, 19002, 35
7974, 19002, 43
7975, 19002, 43
7976, 19002, 45
7977, 19002, 41
7978, 19002, 44
7979, 19002, 41
7980, 19002, 42
7981, 19002, 39
7982, 19002, 19
7983, 19002, 10
7984, 19002, 17
7985, 19002, 30
7986, 19002, 38
7987, 19002, 41
7988, 19002, 45
7989, 19002, 41
7990, 19002, 43
7991, 19002, 42
7992, 19002, 48
7993, 19002, 41
7994, 19002, 21
7995, 19002, 14
7996, 19002, 10
7997, 19002, 7
7998, 19002, 32
7999, 19002, 38
8000, 19002, 43
8001, 19002, 41
8002, 19002, 42
8003, 19002, 45
8004, 19002, 47
8005, 19002, 38
8006, 19002, 30
8007, 19002, 18
8008, 19002, 8
8009, 19002, 16
8010, 19002, 32
8011, 19002, 36
8012, 19002, 47
8013, 19002, 43
8014, 19002, 44
8015, 19002, 38
8016, 19002, 43
8017, 19002, 39
8018, 19002, 40
8019, 19002, 27
8020, 19002, 13
8021, 19002, 12
8022, 19002, 26
8023, 19002, 32
8024, 19002, 42
8025, 19002, 41
8026, 19002, 43
8027, 19002, 41
8028, 19002, 40
8029, 19002, 39
8030, 19002, 42
8031, 19002, 29
8032, 19002, 23
8033, 19002, 11
8034, 19002, 14
8035, 19002, 29
8036, 19002, 34
8037, 19002, 37
8038, 19002, 42
8039, 19002, 42
8040, 19002, 41
8041, 19002, 38
8042, 19002, 39
8043, 19002, 36
8044, 19002, 23
8045, 19002, 11
8046, 19002, 5
8047, 19002, 12
8048, 19002, 30
8049, 19002, 36
8050, 19002, 37
8051, 19002, 42
8052, 19002, 38
8053, 19002, 43
8054, 19002, 41
8055, 19002, 33
8056, 19002, 29
8057, 19002, 13
8058, 19002, 8
8059, 19002, 12
8060, 19002, 27
8061, 19002, 38
8062, 19002, 38
8063, 19002, 39
8064, 19002, 41
8065, 19002, 40
8066, 19002, 40
8067, 19002, 38
8068, 19002, 34
8069, 19002, 26
8070, 19002, 13
8071, 19002, 10
8072, 19002, 15
8073, 19002, 32
8074, 19002, 37
8075, 19002, 41
8076, 19002, 36
8077, 19002, 39
8078, 19002, 38
8079, 19002, 39
8080, 19002, 40
8081, 19002, 33
8082, 19002, 20
8083, 19002, 6
8084, 19002, 14
8085, 19002, 27
8086, 19002, 38
8087, 19002, 36
8088, 19002, 38
8089, 19002, 36
8090, 19002, 40
8091, 19002, 41
8092, 19002, 36
8093, 19002, 41
8094, 19002, 25
8095, 19002, 11
8096, 19002, 7
8097, 19002, 18
8098, 19002, 30
8099, 19002, 38
8100, 19002, 43
7900, 19003, 41
7901, 19003, 40
7902, 19003, 43
7903, 19003, 42
7904, 19003, 44
7905, 19003, 43
7906, 19003, 34
7907, 19003, 16
7908, 19003, 9
7909, 19003, 14
7910, 19003, 24
7911, 19003, 30
7912, 19003, 44
7913, 19003, 43
7914, 19003, 43
7915, 19003, 41
7916, 19003, 40
7917, 19003, 41
7918, 19003, 37
7919, 19003, 22
7920, 19003, 14
7921, 19003, 9
7922, 19003, 17
7923, 19003, 30
7924, 19003, 45
7925, 19003, 40
7926, 19003, 38
7927, 19003, 41
7928, 19003, 42
7929, 19003, 44
7930, 19003, 38
7931, 19003, 36
7932, 19003, 20
7933, 19003, 15
7934, 19003, 12
7935, 19003, 24
7936, 19003, 35
7937, 19003, 39
7938, 19003, 40
7939, 19003, 42
7940, 19003, 44
7941, 19003, 41
7942, 19003, 43
7943, 19003, 35
7944, 19003, 31
7945, 19003, 19
7946, 19003, 7
7947, 19003, 16
7948, 19003, 32
7949, 19003, 43
7950, 19003, 43
7951, 19003, 42
7952, 19003, 45
7953, 19003, 44
7954, 19003, 44
7955, 19003, 36
7956, 19003, 29
7957, 19003, 20
7958, 19003, 12
7959, 19003, 13
7960, 19003, 22
7961, 19003, 32
7962, 19003, 45
7963, 19003, 43
7964, 19003, 44
7965, 19003, 42
7966, 19003, 37
7967, 19003, 37
7968, 19003, 37
7969, 19003, 33
7970, 19003, 19
7971, 19003, 10
7972, 19003, 20
7973, 19003, 35
7974, 19003, 43
7975, 19003, 41
7976, 19003, 45
7977, 19003, 41
7978, 19003, 44
7979, 19003, 42
7980, 19003, 44
7981, 19003, 35
7982, 19003, 20
7983, 19003, 13
7984, 19003, 15
7985, 19003, 22
7986, 19003, 36
7987, 19003, 40
7988, 19003, 43
7989, 19003, 46
7990, 19003, 44
7991, 19003, 42
7992, 19003, 47
7993, 19003, 42
7994, 19003, 30
7995, 19003, 6
7996, 19003, 6
7997, 19003, 12
7998, 19003, 33
7999, 19003, 39
8000, 19003, 42
8001, 19003, 41
8002, 19003, 43
8003, 19003, 42
8004, 19003, 44
8005, 19003, 40
8006, 19003, 32
8007, 19003, 11
8008, 19003, 7
8009, 19003, 15
8010, 19003, 30
8011, 19003, 37
8012, 19003, 45
8013, 19003, 42
8014, 19003, 45
8015, 19003, 41
8016, 19003, 41
8017, 19003, 39
8018, 19003, 38
8019, 19003, 27
8020, 19003, 18
8021, 19003, 11
8022, 19003, 24
8023, 19003, 35
8024, 19003, 45
8025, 19003, 41
8026, 19003, 42
8027, 19003, 40
8028, 19003, 44
8029, 19003, 42
8030, 19003, 43
8031, 19003, 32
8032, 19003, 23
8033, 19003, 13
8034, 19003, 16
8035, 19003, 26
8036, 19003, 33
8037, 19003, 35
8038, 19003, 45
8039, 19003, 43
8040, 19003, 43
8041, 19003, 42
8042, 19003, 39
8043, 19003, 36
8044, 19003, 23
8045, 19003, 10
8046, 19003, 5
8047, 19003, 12
8048, 19003, 25
8049, 19003, 37
8050, 19003, 38
8051, 19003, 42
8052, 19003, 39
8053, 19003, 43
8054, 19003, 41
8055, 19003, 38
8056, 19003, 30
8057, 19003, 12
8058, 19003, 5
8059, 19003, 12
8060, 19003, 25
8061, 19003, 35
8062, 19003, 39
8063, 19003, 40
8064, 19003, 43
8065, 19003, 39
8066, 19003, 39
8067, 19003, 36
8068, 19003, 41
8069, 19003, 28
8070, 19003, 14
8071, 19003, 10
8072, 19003, 19
8073, 19003, 28
8074, 19003, 37
8075, 19003, 38
8076, 19003, 38
8077, 19003, 39
8078, 19003, 41
8079, 19003, 40
8080, 19003, 40
8081, 19003, 35
8082, 19003, 22
8083, 19003, 11
8084, 19003, 14
8085, 19003, 29
8086, 19003, 38
8087, 19003, 35
8088, 19003, 39
8089, 19003, 40
8090, 19003, 37
8091, 19003, 38
8092, 19003, 41
8093, 19003, 41
8094, 19003, 29
8095, 19003, 5
8096, 19003, 10
8097, 19003, 13
8098, 19003, 29
8099, 19003, 32
8100, 19003, 39
7900, 19004, 40
7901, 19004, 41
7902, 19004, 43
7903, 19004, 42
7904, 19004, 43
7905, 19004, 41
7906, 19004, 35
7907, 19004, 20
7908, 19004, 6
7909, 19004, 13
7910, 19004, 26
7911, 19004, 38
7912, 19004, 40
7913, 19004, 44
7914, 19004, 42
7915, 19004, 40
7916, 19004, 42
7917, 19004, 34
7918, 19004, 37
7919, 19004, 17
7920, 19004, 8
7921, 19004, 8
7922, 19004, 18
7923, 19004, 29
7924, 19004, 42
7925, 19004, 44
7926, 19004, 41
7927, 19004, 41
7928, 19004, 42
7929, 19004, 42
7930, 19004, 40
7931, 19004, 34
7932, 19004, 23
7933, 19004, 12
7934, 19004, 14
7935, 19004, 20
7936, 19004, 35
7937, 19004, 40
7938, 19004, 41
7939, 19004, 42
7940, 19004, 39
7941, 19004, 43
7942, 19004, 40
7943, 19004, 37
7944, 19004, 32
7945, 19004, 18
7946, 19004, 4
7947, 19004, 12
7948, 19004, 32
7949, 19004, 41
7950, 19004, 42
7951, 19004, 41
7952, 19004, 46
7953, 19004, 42
7954, 19004, 42
7955, 19004, 36
7956, 19004, 33
7957, 19004, 20
7958, 19004, 11
7959, 19004, 15
7960, 19004, 23
7961, 19004, 34
7962, 19004, 41
7963, 19004, 43
7964, 19004, 43
7965, 19004, 43
7966, 19004, 38
7967, 19004, 38
7968, 19004, 38
7969, 19004, 31
7970, 19004, 16
7971, 19004, 12
7972, 19004, 24
7973, 19004, 31
7974, 19004, 44
7975, 19004, 38
7976, 19004, 46
7977, 19004, 39
7978, 19004, 40
7979, 19004, 42
7980, 19004, 40
7981, 19004, 35
7982, 19004, 19
7983, 19004, 11
7984, 19004, 15
7985, 19004, 23
7986, 19004, 39
7987, 19004, 42
7988, 19004, 43
7989, 19004, 41
7990, 19004, 43
7991, 19004, 42
7992, 19004, 47
7993, 19004, 32
7994, 19004, 31
7995, 19004, 11
7996, 19004, 10
7997, 19004, 9
7998, 19004, 34
7999, 19004, 40
8000, 19004, 45
8001, 19004, 45
8002, 19004, 43
8003, 19004, 40
8004, 19004, 45
8005, 19004, 41
8006, 19004, 34
8007, 19004, 13
8008, 19004, 9
8009, 19004, 13
8010, 19004, 33
8011, 19004, 33
8012, 19004, 44
8013, 19004, 42
8014, 19004, 43
8015, 19004, 39
8016, 19004, 42
8017, 19004, 36
8018, 19004, 35
8019, 19004, 28
8020, 19004, 17
8021, 19004, 11
8022, 19004, 20
8023, 19004, 30
8024, 19004, 39
8025, 19004, 37
8026, 19004, 42
8027, 19004, 40
8028, 19004, 43
8029, 19004, 45
8030, 19004, 39
8031, 19004, 32
8032, 19004, 25
8033, 19004, 9
8034, 19004, 13
8035, 19004, 25
8036, 19004, 32
8037, 19004, 38
8038, 19004, 42
8039, 19004, 43
8040, 19004, 39
8041, 19004, 40
8042, 19004, 38
8043, 19004, 37
8044, 19004, 28
8045, 19004, 8
8046, 19004, 7
8047, 19004, 14
8048, 19004, 33
8049, 19004, 38
8050, 19004, 40
8051, 19004, 40
8052, 19004, 41
8053, 19004, 43
8054, 19004, 39
8055, 19004, 40
8056, 19004, 30
8057, 19004, 13
8058, 19004, 9
8059, 19004, 8
8060, 19004, 24
8061, 19004, 35
8062, 19004, 43
8063, 19004, 38
8064, 19004, 39
8065, 19004, 41
8066, 19004, 39
8067, 19004, 37
8068, 19004, 35
8069, 19004, 28
8070, 19004, 13
8071, 19004, 7
8072, 19004, 18
8073, 19004, 25
8074, 19004, 40
8075, 19004, 42
8076, 19004, 38
8077, 19004, 41
8078, 19004, 39
8079, 19004, 39
8080, 19004, 34
8081, 19004, 36
8082, 19004, 21
8083, 19004, 8
8084, 19004, 13
8085, 19004, 28
8086, 19004, 38
8087, 19004, 32
8088, 19004, 38
8089, 19004, 41
8090, 19004, 41
8091, 19004, 38
8092, 19004, 38
8093, 19004, 34
8094, 19004, 23
8095, 19004, 11
8096, 19004, 9
8097, 19004, 11
8098, 19004, 32
8099, 19004, 38
8100, 19004, 43
7900, 19005, 39
7901, 19005, 40
7902, 19005, 43
7903, 19005, 41
7904, 19005, 43
7905, 19005, 43
7906, 19005, 36
7907, 19005, 16
7908, 19005, 11
7909, 19005, 15
7910, 19005, 26
7911, 19005, 35
7912, 19005, 40
7913, 19005, 44
7914, 19005, 44
7915, 19005, 42
7916, 19005, 40
7917, 19005, 39
7918, 19005, 33
7919, 19005, 28
7920, 19005, 10
7921, 19005, 11
7922, 19005, 23
7923, 19005, 33
7924, 19005, 38
7925, 19005, 38
7926, 19005, 43
7927, 19005, 41
7928, 19005, 39
7929, 19005, 41
7930, 19005, 41
7931, 19005, 35
7932, 19005, 20
7933, 19005, 13
7934, 19005, 15
7935, 19005, 25
7936, 19005, 37
7937, 19005, 37
7938, 19005, 43
7939, 19005, 43
7940, 19005, 43
7941, 19005, 45
7942, 19005, 42
7943, 19005, 33
7944, 19005, 29
7945, 19005, 21
7946, 19005, 11
7947, 19005, 16
7948, 19005, 29
7949, 19005, 41
7950, 19005, 40
7951, 19005, 44
7952, 19005, 44
7953, 19005, 45
7954, 19005, 42
7955, 19005, 38
7956, 19005, 37
7957, 19005, 18
7958, 19005, 14
7959, 19005, 14
7960, 19005, 29
7961, 19005, 41
7962, 19005, 43
7963, 19005, 45
7964, 19005, 43
7965, 19005, 45
7966, 19005, 39
7967, 19005, 39
7968, 19005, 34
7969, 19005, 31
7970, 19005, 17
7971, 19005, 10
7972, 19005, 24
7973, 19005, 35
7974, 19005, 42
7975, 19005, 39
7976, 19005, 44
7977, 19005, 41
7978, 19005, 43
7979, 19005, 41
7980, 19005, 41
7981, 19005, 41
7982, 19005, 15
7983, 19005, 10
7984, 19005, 15
7985, 19005, 32
7986, 19005, 35
7987, 19005, 40
7988, 19005, 43
7989, 19005, 44
7990, 19005, 43
7991, 19005, 40
7992, 19005, 45
7993, 19005, 39
7994, 19005, 30
7995, 19005, 13
7996, 19005, 8
7997, 19005, 16
7998, 19005, 33
7999, 19005, 40
8000, 19005, 42
8001, 19005, 43
8002, 19005, 44
8003, 19005, 43
8004, 19005, 46
8005, 19005, 40
8006, 19005, 35
8007, 19005, 13
8008, 19005, 6
8009, 19005, 17
8010, 19005, 32
8011, 19005, 39
8012, 19005, 46
8013, 19005, 43
8014, 19005, 43
8015, 19005, 41
8016, 19005, 41
8017, 19005, 37
8018, 19005, 39
8019, 19005, 28
8020, 19005, 14
8021, 19005, 15
8022, 19005, 15
8023, 19005, 26
8024, 19005, 44
8025, 19005, 40
8026, 19005, 42
8027, 19005, 39
8028, 19005, 43
8029, 19005, 46
8030, 19005, 40
8031, 19005, 28
8032, 19005, 18
8033, 19005, 13
8034, 19005, 14
8035, 19005, 26
8036, 19005, 35
8037, 19005, 37
8038, 19005, 39
8039, 19005, 44
8040, 19005, 43
8041, 19005, 43
8042, 19005, 36
8043, 19005, 35
8044, 19005, 25
8045, 19005, 14
8046, 19005, 7
8047, 19005, 12
8048, 19005, 28
8049, 19005, 36
8050, 19005, 40
8051, 19005, 40
8052, 19005, 42
8053, 19005, 44
8054, 19005, 40
8055, 19005, 40
8056, 19005, 28
8057, 19005, 16
8058, 19005, 5
8059, 19005, 12
8060, 19005, 21
8061, 19005, 33
8062, 19005, 40
8063, 19005, 39
8064, 19005, 42
8065, 19005, 40
8066, 19005, 41
8067, 19005, 35
8068, 19005, 34
8069, 19005, 31
8070, 19005, 15
8071, 19005, 8
8072, 19005, 15
8073, 19005, 21
8074, 19005, 38
8075, 19005, 38
8076, 19005, 37
8077, 19005, 42
8078, 19005, 37
8079, 19005, 41
8080, 19005, 38
8081, 19005, 33
8082, 19005, 17
8083, 19005, 6
8084, 19005, 14
8085, 19005, 25
8086, 19005, 38
8087, 19005, 36
8088, 19005, 39
8089, 19005, 41
8090, 19005, 41
8091, 19005, 41
8092, 19005, 42
8093, 19005, 36
8094, 19005, 29
8095, 19005, 14
8096, 19005, 11
8097, 19005, 20
8098, 19005, 32
8099, 19005, 36
8100, 19005, 42
7900, 19006, 43
7901, 19006, 42
7902, 19006, 38
7903, 19006, 44
7904, 19006, 44
7905, 19006, 41
7906, 19006, 33
7907, 19006, 16
7908, 19006, 12
7909, 19006, 15
7910, 19006, 26
7911, 19006, 30
7912, 19006, 45
7913, 19006, 43
7914, 19006, 45
7915, 19006, 40
7916, 19006, 41
7917, 19006, 38
7918, 19006, 36
7919, 19006, 28
7920, 19006, 14
7921, 19006, 12
7922, 19006, 16
7923, 19006, 35
7924, 19006, 39
7925, 19006, 41
7926, 19006, 41
7927, 19006, 43
7928, 19006, 41
7929, 19006, 40
7930, 19006, 42
7931, 19006, 31
7932, 19006, 20
7933, 19006, 14
7934, 19006, 15
7935, 19006, 26
7936, 19006, 35
7937, 19006, 35
7938, 19006, 41
7939, 19006, 44
7940, 19006, 43
7941, 19006, 41
7942, 19006, 44
7943, 19006, 38
7944, 19006, 27
7945, 19006, 14
7946, 19006, 7
7947, 19006, 21
7948, 19006, 35
7949, 19006, 36
7950, 19006, 44
7951, 19006, 42
7952, 19006, 45
7953, 19006, 44
7954, 19006, 41
7955, 19006, 39
7956, 19006, 37
7957, 19006, 28
7958, 19006, 12
7959, 19006, 21
7960, 19006, 27
7961, 19006, 39
7962, 19006, 46
7963, 19006, 45
7964, 19006, 44
7965, 19006, 43
7966, 19006, 41
7967, 19006, 36
7968, 19006, 40
7969, 19006, 29
7970, 19006, 15
7971, 19006, 11
7972, 19006, 22
7973, 19006, 32
7974, 19006, 42
7975, 19006, 41
7976, 19006, 45
7977, 19006, 42
7978, 19006, 42
7979, 19006, 39
7980, 19006, 44
7981, 19006, 38
7982, 19006, 19
7983, 19006, 7
7984, 19006, 16
7985, 19006, 27
7986, 19006, 36
7987, 19006, 41
7988, 19006, 44
7989, 19006, 44
7990, 19006, 42
7991, 19006, 39
7992, 19006, 47
7993, 19006, 40
7994, 19006, 27
7995, 19006, 13
7996, 19006, 9
7997, 19006, 14
7998, 19006, 34
7999, 19006, 38
8000, 19006, 42
8001, 19006, 40
8002, 19006, 44
8003, 19006, 43
8004, 19006, 46
8005, 19006, 42
8006, 19006, 31
8007, 19006, 18
8008, 19006, 6
8009, 19006, 18
8010, 19006, 29
8011, 19006, 37
8012, 19006, 41
8013, 19006, 43
8014, 19006, 44
8015, 19006, 37
8016, 19006, 41
8017, 19006, 42
8018, 19006, 35
8019, 19006, 27
8020, 19006, 17
8021, 19006, 12
8022, 19006, 21
8023, 19006, 29
8024, 19006, 44
8025, 19006, 37
8026, 19006, 42
8027, 19006, 39
8028, 19006, 43
8029, 19006, 44
8030, 19006, 39
8031, 19006, 32
8032, 19006, 25
8033, 19006, 9
8034, 19006, 11
8035, 19006, 22
8036, 19006, 34
8037, 19006, 37
8038, 19006, 41
8039, 19006, 41
8040, 19006, 44
8041, 19006, 42
8042, 19006, 41
8043, 19006, 39
8044, 19006, 30
8045, 19006, 14
8046, 19006, 7
8047, 19006, 12
8048, 19006, 27
8049, 19006, 38
8050, 19006, 39
8051, 19006, 42
8052, 19006, 42
8053, 19006, 41
8054, 19006, 42
8055, 19006, 39
8056, 19006, 33
8057, 19006, 15
8058, 19006, 6
8059, 19006, 11
8060, 19006, 32
8061, 19006, 37
8062, 19006, 40
8063, 19006, 38
8064, 19006, 45
8065, 19006, 40
8066, 19006, 41
8067, 19006, 34
8068, 19006, 31
8069, 19006, 26
8070, 19006, 16
8071, 19006, 8
8072, 19006, 21
8073, 19006, 28
8074, 19006, 40
8075, 19006, 37
8076, 19006, 38
8077, 19006, 42
8078, 19006, 38
8079, 19006, 38
8080, 19006, 38
8081, 19006, 33
8082, 19006, 25
8083, 19006, 9
8084, 19006, 11
8085, 19006, 22
8086, 19006, 36
8087, 19006, 33
8088, 19006, 40
8089, 19006, 38
8090, 19006, 40
8091, 19006, 39
8092, 19006, 44
8093, 19006, 37
8094, 19006, 21
8095, 19006, 15
8096, 19006, 8
8097, 19006, 27
8098, 19006, 34
8099, 19006, 37
8100, 19006, 41
7900, 19007, 41
7901, 19007, 40
7902, 19007, 40
7903, 19007, 41
7904, 19007, 43
7905, 19007, 42
7906, 19007, 29
7907, 19007, 15
7908, 19007, 9
7909, 19007, 12
7910, 19007, 20
7911, 19007, 36
7912, 19007, 43
7913, 19007, 44
7914, 19007, 41
7915, 19007, 43
7916, 19007, 39
7917, 19007, 40
7918, 19007, 35
7919, 19007, 23
7920, 19007, 15
7921, 19007, 11
7922, 19007, 21
7923, 19007, 32
7924, 19007, 46
7925, 19007, 40
7926, 19007, 43
7927, 19007, 42
7928, 19007, 41
7929, 19007, 43
7930, 19007, 40
7931, 19007, 31
7932, 19007, 21
7933, 19007, 12
7934, 19007, 12
7935, 19007, 23
7936, 19007, 34
7937, 19007, 36
7938, 19007, 39
7939, 19007, 43
7940, 19007, 44
7941, 19007, 44
7942, 19007, 43
7943, 19007, 37
7944, 19007, 23
7945, 19007, 15
7946, 19007, 7
7947, 19007, 16
7948, 19007, 31
7949, 19007, 40
7950, 19007, 41
7951, 19007, 43
7952, 19007, 46
7953, 19007, 43
7954, 19007, 40
7955, 19007, 35
7956, 19007, 37
7957, 19007, 24
7958, 19007, 12
7959, 19007, 14
7960, 19007, 23
7961, 19007, 30
7962, 19007, 38
7963, 19007, 45
7964, 19007, 44
7965, 19007, 43
7966, 19007, 39
7967, 19007, 34
7968, 19007, 40
7969, 19007, 26
7970, 19007, 16
7971, 19007, 10
7972, 19007, 21
7973, 19007, 28
7974, 19007, 42
7975, 19007, 39
7976, 19007, 47
7977, 19007, 40
7978, 19007, 42
7979, 19007, 40
7980, 19007, 44
7981, 19007, 36
7982, 19007, 16
7983, 19007, 7
7984, 19007, 15
7985, 19007, 29
7986, 19007, 36
7987, 19007, 42
7988, 19007, 44
7989, 19007, 43
7990, 19007, 42
7991, 19007, 42
7992, 19007, 49
7993, 19007, 34
7994, 19007, 27
7995, 19007, 14
7996, 19007, 9
7997, 19007, 5
7998, 19007, 30
7999, 19007, 37
8000, 19007, 45
8001, 19007, 44
8002, 19007, 42
8003, 19007, 45
8004, 19007, 47
8005, 19007, 40
8006, 19007, 34
8007, 19007, 14
8008, 19007, 9
8009, 19007, 15
8010, 19007, 29
8011, 19007, 41
8012, 19007, 42
8013, 19007, 44
8014, 19007, 45
8015, 19007, 40
8016, 19007, 41
8017, 19007, 37
8018, 19007, 36
8019, 19007, 22
8020, 19007, 17
8021, 19007, 12
8022, 19007, 19
8023, 19007, 24
8024, 19007, 44
8025, 19007, 41
8026, 19007, 41
8027, 19007, 38
8028, 19007, 43
8029, 19007, 42
8030, 19007, 41
8031, 19007, 31
8032, 19007, 26
8033, 19007, 13
8034, 19007, 17
8035, 19007, 18
8036, 19007, 31
8037, 19007, 36
8038, 19007, 39
8039, 19007, 42
8040, 19007, 43
8041, 19007, 41
8042, 19007, 40
8043, 19007, 34
8044, 19007, 22
8045, 19007, 10
8046, 19007, 5
8047, 19007, 9
8048, 19007, 31
8049, 19007, 36
8050, 19007, 37
8051, 19007, 39
8052, 19007, 40
8053, 19007, 42
8054, 19007, 41
8055, 19007, 38
8056, 19007, 25
8057, 19007, 16
8058, 19007, 8
8059, 19007, 14
8060, 19007, 25
8061, 19007, 36
8062, 19007, 41
8063, 19007, 39
8064, 19007, 43
8065, 19007, 41
8066, 19007, 39
8067, 19007, 37
8068, 19007, 32
8069, 19007, 20
8070, 19007, 13
8071, 19007, 7
8072, 19007, 23
8073, 19007, 27
8074, 19007, 41
8075, 19007, 38
8076, 19007, 40
8077, 19007, 40
8078, 19007, 40
8079, 19007, 41
8080, 19007, 41
8081, 19007, 28
8082, 19007, 16
8083, 19007, 7
8084, 19007, 13
8085, 19007, 24
8086, 19007, 36
8087, 19007, 30
8088, 19007, 40
8089, 19007, 42
8090, 19007, 42
8091, 19007, 39
8092, 19007, 39
8093, 19007, 37
8094, 19007, 24
8095, 19007, 14
8096, 19007, 5
8097, 19007, 22
8098, 19007, 27
8099, 19007, 38
8100, 19007, 43
7900, 19008, 42
7901, 19008, 42
7902, 19008, 42
7903, 19008, 39
7904, 19008, 45
7905, 19008, 43
7906, 19008, 32
7907, 19008, 12
7908, 19008, 10
7909, 19008, 13
7910, 19008, 27
7911, 19008, 36
7912, 19008, 44
7913, 19008, 44
7914, 19008, 42
7915, 19008, 40
7916, 19008, 42
7917, 19008, 38
7918, 19008, 33
7919, 19008, 20
7920, 19008, 10
7921, 19008, 10
7922, 19008, 20
7923, 19008, 32
7924, 19008, 42
7925, 19008, 38
7926, 19008, 40
7927, 19008, 40
7928, 19008, 43
7929, 19008, 44
7930, 19008, 41
7931, 19008, 25
7932, 19008, 18
7933, 19008, 12
7934, 19008, 13
7935, 19008, 27
7936, 19008, 38
7937, 19008, 36
7938, 19008, 41
7939, 19008, 43
7940, 19008, 45
7941, 19008, 43
7942, 19008, 43
7943, 19008, 39
7944, 19008, 28
7945, 19008, 16
7946, 19008, 8
7947, 19008, 17
7948, 19008, 33
7949, 19008, 41
7950, 19008, 42
7951, 19008, 43
7952, 19008, 45
7953, 19008, 43
7954, 19008, 43
7955, 19008, 35
7956, 19008, 31
7957, 19008, 20
7958, 19008, 11
7959, 19008, 14
7960, 19008, 21
7961, 19008, 35
7962, 19008, 40
7963, 19008, 41
7964, 19008, 44
7965, 19008, 43
7966, 19008, 38
7967, 19008, 40
7968, 19008, 36
7969, 19008, 26
7970, 19008, 14
7971, 19008, 12
7972, 19008, 22
7973, 19008, 39
7974, 19008, 41
7975, 19008, 43
7976, 19008, 46
7977, 19008, 41
7978, 19008, 39
7979, 19008, 43
7980, 19008, 43
7981, 19008, 37
7982, 19008, 19
7983, 19008, 11
7984, 19008, 13
7985, 19008, 30
7986, 19008, 37
7987, 19008, 38
7988, 19008, 43
7989, 19008, 41
7990, 19008, 44
7991, 19008, 41
7992, 19008, 45
7993, 19008, 39
7994, 19008, 29
7995, 19008, 16
7996, 19008, 9
7997, 19008, 17
7998, 19008, 40
7999, 19008, 43
8000, 19008, 43
8001, 19008, 46
8002, 19008, 43
8003, 19008, 43
8004, 19008, 46
8005, 19008, 38
8006, 19008, 37
8007, 19008, 10
8008, 19008, 7
8009, 19008, 16
8010, 19008, 26
8011, 19008, 36
8012, 19008, 45
8013, 19008, 44
8014, 19008, 42
8015, 19008, 38
8016, 19008, 44
8017, 19008, 39
8018, 19008, 38
8019, 19008, 25
8020, 19008, 16
8021, 19008, 15
8022, 19008, 24
8023, 19008, 28
8024, 19008, 41
8025, 19008, 41
8026, 19008, 41
8027, 19008, 37
8028, 19008, 39
8029, 19008, 43
8030, 19008, 41
8031, 19008, 33
8032, 19008, 23
8033, 19008, 11
8034, 19008, 15
8035, 19008, 20
8036, 19008, 34
8037, 19008, 38
8038, 19008, 39
8039, 19008, 43
8040, 19008, 44
8041, 19008, 39
8042, 19008, 40
8043, 19008, 33
8044, 19008, 29
8045, 19008, 11
8046, 19008, 6
8047, 19008, 15
8048, 19008, 39
8049, 19008, 32
8050, 19008, 43
8051, 19008, 38
8052, 19008, 40
8053, 19008, 42
8054, 19008, 41
8055, 19008, 37
8056, 19008, 35
8057, 19008, 17
8058, 19008, 7
8059, 19008, 9
8060, 19008, 26
8061, 19008, 36
8062, 19008, 38
8063, 19008, 37
8064, 19008, 41
8065, 19008, 39
8066, 19008, 39
8067, 19008, 35
8068, 19008, 34
8069, 19008, 25
8070, 19008, 13
8071, 19008, 7
8072, 19008, 20
8073, 19008, 29
8074, 19008, 34
8075, 19008, 36
8076, 19008, 39
8077, 19008, 39
8078, 19008, 39
8079, 19008, 39
8080, 19008, 38
8081, 19008, 34
8082, 19008, 18
8083, 19008, 8
8084, 19008, 12
8085, 19008, 25
8086, 19008, 34
8087, 19008, 33
8088, 19008, 42
8089, 19008, 40
8090, 19008, 41
8091, 19008, 41
8092, 19008, 38
8093, 19008, 41
8094, 19008, 27
8095, 19008, 10
8096, 19008, 9
8097, 19008, 13
8098, 19008, 30
8099, 19008, 34
8100, 19008, 43
7900, 19009, 42
7901, 19009, 39
7902, 19009, 42
7903, 19009, 39
7904, 19009, 45
7905, 19009, 41
7906, 19009, 28
7907, 19009, 10
7908, 19009, 7
7909, 19009, 15
7910, 19009, 21
7911, 19009, 34
7912, 19009, 44
7913, 19009, 41
7914, 19009, 43
7915, 19009, 43
7916, 19009, 42
7917, 19009, 41
7918, 19009, 36
7919, 19009, 30
7920, 19009, 15
7921, 19009, 9
7922, 19009, 20
7923, 19009, 30
7924, 19009, 41
7925, 19009, 40
7926, 19009, 38
7927, 19009, 41
7928, 19009, 42
7929, 19009, 44
7930, 19009, 37
7931, 19009, 33
7932, 19009, 24
7933, 19009, 15
7934, 19009, 12
7935, 19009, 23
7936, 19009, 39
7937, 19009, 33
7938, 19009, 42
7939, 19009, 42
7940, 19009, 44
7941, 19009, 43
7942, 19009, 41
7943, 19009, 41
7944, 19009, 32
7945, 19009, 16
7946, 19009, 4
7947, 19009, 17
7948, 19009, 20
7949, 19009, 39
7950, 19009, 45
7951, 19009, 42
7952, 19009, 47
7953, 19009, 43
7954, 19009, 42
7955, 19009, 36
7956, 19009, 37
7957, 19009, 14
7958, 19009, 9
7959, 19009, 14
7960, 19009, 23
7961, 19009, 35
7962, 19009, 44
7963, 19009, 45
7964, 19009, 44
7965, 19009, 42
7966, 19009, 37
7967, 19009, 38
7968, 19009, 39
7969, 19009, 26
7970, 19009, 18
7971, 19009, 11
7972, 19009, 24
7973, 19009, 33
7974, 19009, 43
7975, 19009, 43
7976, 19009, 43
7977, 19009, 40
7978, 19009, 42
7979, 19009, 41
7980, 19009, 41
7981, 19009, 34
7982, 19009, 21
7983, 19009, 10
7984, 19009, 14
7985, 19009, 23
7986, 19009, 34
7987, 19009, 41
7988, 19009, 44
7989, 19009, 42
7990, 19009, 44
7991, 19009, 41
7992, 19009, 49
7993, 19009, 36
7994, 19009, 29
7995, 19009, 9
7996, 19009, 10
7997, 19009, 12
7998, 19009, 32
7999, 19009, 37
8000, 19009, 46
8001, 19009, 45
8002, 19009, 42
8003, 19009, 43
8004, 19009, 44
8005, 19009, 35
8006, 19009, 34
8007, 19009, 12
8008, 19009, 10
8009, 19009, 18
8010, 19009, 28
8011, 19009, 37
8012, 19009, 46
8013, 19009, 45
8014, 19009, 41
8015, 19009, 39
8016, 19009, 40
8017, 19009, 35
8018, 19009, 34
8019, 19009, 25
8020, 19009, 16
8021, 19009, 12
8022, 19009, 25
8023, 19009, 35
8024, 19009, 42
8025, 19009, 40
8026, 19009, 43
8027, 19009, 42
8028, 19009, 41
8029, 19009, 41
8030, 19009, 37
8031, 19009, 37
8032, 19009, 25
8033, 19009, 9
8034, 19009, 11
8035, 19009, 20
8036, 19009, 33
8037, 19009, 36
8038, 19009, 42
8039, 19009, 41
8040, 19009, 44
8041, 19009, 40
8042, 19009, 38
8043, 19009, 34
8044, 19009, 27
8045, 19009, 9
8046, 19009, 4
8047, 19009, 9
8048, 19009, 24
8049, 19009, 39
8050, 19009, 41
8051, 19009, 42
8052, 19009, 41
8053, 19009, 40
8054, 19009, 40
8055, 19009, 39
8056, 19009, 31
8057, 19009, 15
8058, 19009, 4
8059, 19009, 10
8060, 19009, 15
8061, 19009, 38
8062, 19009, 42
8063, 19009, 40
8064, 19009, 43
8065, 19009, 36
8066, 19009, 39
8067, 19009, 34
8068, 19009, 34
8069, 19009, 29
8070, 19009, 13
8071, 19009, 7
8072, 19009, 18
8073, 19009, 26
8074, 19009, 36
8075, 19009, 39
8076, 19009, 36
8077, 19009, 37
8078, 19009, 39
8079, 19009, 40
8080, 19009, 36
8081, 19009, 26
8082, 19009, 18
8083, 19009, 11
8084, 19009, 13
8085, 19009, 22
8086, 19009, 33
8087, 19009, 36
8088, 19009, 37
8089, 19009, 40
8090, 19009, 42
8091, 19009, 38
8092, 19009, 40
8093, 19009, 36
8094, 19009, 28
8095, 19009, 13
8096, 19009, 8
8097, 19009, 22
8098, 19009, 28
8099, 19009, 34
8100, 19009, 44
7900, 19010, 43
7901, 19010, 41
7902, 19010, 40
7903, 19010, 37
7904, 19010, 45
7905, 19010, 44
7906, 19010, 31
7907, 19010, 11
7908, 19010, 5
7909, 19010, 12
7910, 19010, 26
7911, 19010, 38
7912, 19010, 44
7913, 19010, 45
7914, 19010, 40
7915, 19010, 42
7916, 19010, 39
7917, 19010, 39
7918, 19010, 33
7919, 19010, 22
7920, 19010, 11
7921, 19010, 12
7922, 19010, 23
7923, 19010, 33
7924, 19010, 39
7925, 19010, 39
7926, 19010, 39
7927, 19010, 41
7928, 19010, 40
7929, 19010, 45
7930, 19010, 41
7931, 19010, 26
7932, 19010, 23
7933, 19010, 12
7934, 19010, 16
7935, 19010, 22
7936, 19010, 40
7937, 19010, 35
7938, 19010, 40
7939, 19010, 42
7940, 19010, 43
7941, 19010, 43
7942, 19010, 44
7943, 19010, 38
7944, 19010, 31
7945, 19010, 15
7946, 19010, 7
7947, 19010, 19
7948, 19010, 33
7949, 19010, 43
7950, 19010, 41
7951, 19010, 42
7952, 19010, 45
7953, 19010, 44
7954, 19010, 44
7955, 19010, 37
7956, 19010, 38
7957, 19010, 12
7958, 19010, 10
7959, 19010, 15
7960, 19010, 27
7961, 19010, 37
7962, 19010, 44
7963, 19010, 42
7964, 19010, 44
7965, 19010, 41
7966, 19010, 40
7967, 19010, 37
7968, 19010, 41
7969, 19010, 36
7970, 19010, 18
7971, 19010, 10
7972, 19010, 18
7973, 19010, 34
7974, 19010, 43
7975, 19010, 43
7976, 19010, 41
7977, 19010, 42
7978, 19010, 43
7979, 19010, 39
7980, 19010, 44
7981, 19010, 34
7982, 19010, 17
7983, 19010, 9
7984, 19010, 15
7985, 19010, 22
7986, 19010, 35
7987, 19010, 39
7988, 19010, 43
7989, 19010, 44
7990, 19010, 42
7991, 19010, 42
7992, 19010, 49
7993, 19010, 37
7994, 19010, 25
7995, 19010, 8
7996, 19010, 6
7997, 19010, 18
7998, 19010, 30
7999, 19010, 39
8000, 19010, 46
8001, 19010, 42
8002, 19010, 44
8003, 19010, 45
8004, 19010, 43
8005, 19010, 37
8006, 19010, 31
8007, 19010, 16
8008, 19010, 10
8009, 19010, 14
8010, 19010, 28
8011, 19010, 36
8012, 19010, 42
8013, 19010, 44
8014, 19010, 43
8015, 19010, 42
8016, 19010, 41
8017, 19010, 38
8018, 19010, 40
8019, 19010, 26
8020, 19010, 18
8021, 19010, 12
8022, 19010, 20
8023, 19010, 28
8024, 19010, 41
8025, 19010, 39
8026, 19010, 41
8027, 19010, 39
8028, 19010, 44
8029, 19010, 43
8030, 19010, 36
8031, 19010, 32
8032, 19010, 17
8033, 19010, 9
8034, 19010, 14
8035, 19010, 21
8036, 19010, 27
8037, 19010, 38
8038, 19010, 41
8039, 19010, 43
8040, 19010, 42
8041, 19010, 41
8042, 19010, 38
8043, 19010, 38
8044, 19010, 30
8045, 19010, 9
8046, 19010, 8
8047, 19010, 16
8048, 19010, 31
8049, 19010, 39
8050, 19010, 41
8051, 19010, 39
8052, 19010, 42
8053, 19010, 41
8054, 19010, 40
8055, 19010, 39
8056, 19010, 35
8057, 19010, 19
8058, 19010, 7
8059, 19010, 9
8060, 19010, 26
8061, 19010, 35
8062, 19010, 41
8063, 19010, 40
8064, 19010, 43
8065, 19010, 40
8066, 19010, 36
8067, 19010, 38
8068, 19010, 32
8069, 19010, 26
8070, 19010, 10
8071, 19010, 5
8072, 19010, 23
8073, 19010, 25
8074, 19010, 40
8075, 19010, 38
8076, 19010, 40
8077, 19010, 41
8078, 19010, 43
8079, 19010, 40
8080, 19010, 39
8081, 19010, 38
8082, 19010, 16
8083, 19010, 8
8084, 19010, 9
8085, 19010, 19
8086, 19010, 34
8087, 19010, 37
8088, 19010, 37
8089, 19010, 40
8090, 19010, 40
8091, 19010, 41
8092, 19010, 39
8093, 19010, 34
8094, 19010, 25
8095, 19010, 5
8096, 19010, 7
8097, 19010, 15
8098, 19010, 30
8099, 19010, 36
8100, 19010, 44
